Route,LatestPeriod,LatestSpeed,FirstPeriod,FirstSpeed,Change,PctChange
1,2026-01-31,6.805596,2025-04-01,6.771498,0.034098000000000184,0.5035517990258608
100,2026-01-31,7.713763,2025-04-01,7.415696,0.2980670000000005,4.019406944405495
101,2026-01-31,9.084077,2025-04-01,9.274982,-0.190904999999999,-2.0582789271181228
102,2026-01-31,9.549448,2025-04-01,9.909216,-0.35976800000000075,-3.630640405860572
103,2026-01-31,11.324371,2025-04-01,11.690299,-0.36592800000000025,-3.130185121868998
104,2026-01-31,8.315786,2025-04-01,8.577078,-0.26129200000000097,-3.0463987852273346
105,2026-01-31,9.177909,2025-04-01,9.098501,0.07940799999999903,0.8727591501061442
106,2026-01-31,7.6403,2025-04-01,7.563959,0.07634100000000021,1.0092730539655255
107,2026-01-31,12.250394,2025-04-01,12.703456,-0.4530619999999992,-3.5664467999889102
108,2026-01-31,10.698566,2025-04-01,10.014551,0.6840149999999987,6.83021135945085
108D,2026-01-31,14.391396,2025-04-01,13.312199,1.0791970000000006,8.1068274294878
109,2026-01-31,7.26903,2025-04-01,7.734875,-0.46584499999999984,-6.022657121155802
11,2026-01-31,6.254376,2025-04-01,6.394119,-0.13974300000000017,-2.1854926378442467
110,2026-01-31,8.951367,2025-04-01,8.571369,0.3799979999999987,4.433340811718627
110R,2026-01-31,8.756158,2025-04-26,9.239248,-0.4830900000000007,-5.228672290212371
111,2026-01-31,9.947365,2025-04-01,10.43083,-0.4834650000000007,-4.634961934956285
112,2026-01-31,11.017931,2025-04-01,11.249316,-0.2313849999999995,-2.056880613896876
113,2026-01-31,10.272842,2025-04-01,10.421008,-0.1481659999999998,-1.4218010388246491
114,2026-01-31,11.05985,2025-04-01,11.272961,-0.2131109999999996,-1.8904616098645208
115,2026-01-31,8.023083,2025-04-01,8.204839,-0.18175600000000003,-2.215229329911288
116,2026-01-31,11.387767,2025-04-01,11.392385,-0.004618000000000677,-0.040535849165918084
117,2026-01-31,9.171517,2025-04-01,8.865668,0.30584900000000026,3.44981336995701
119,2026-01-31,10.504776,2025-04-01,10.99204,-0.4872639999999997,-4.4328805208132405
12,2026-01-31,7.29079,2025-04-01,7.110896,0.179894,2.5298359025360515
120,2026-01-31,8.96164,2025-04-01,8.906355,0.055284999999999584,0.6207365414919974
121,2026-01-31,8.673457,2025-04-01,9.102804,-0.4293469999999999,-4.7166455522935555
122,2026-01-31,9.379741,2025-04-01,9.641997,-0.2622560000000007,-2.7199344700065837
123,2026-01-31,9.278438,2025-04-01,9.011017,0.2674209999999988,2.96771163565665
124,2026-01-31,9.718963,2025-04-01,9.817459,-0.09849599999999903,-1.0032738613932488
125,2026-01-31,9.740028,2025-04-01,10.147123,-0.407095,-4.011925350663434
126,2026-01-31,9.886637,2025-04-01,10.28573,-0.3990929999999988,-3.880064905456383
127,2026-01-31,9.611352,2025-04-01,10.006749,-0.3953969999999991,-3.951303265426155
128,2026-01-31,10.139261,2025-04-01,10.40965,-0.27038899999999977,-2.5974840652663613
129,2026-01-31,10.826257,2025-04-01,10.132043,0.6942140000000006,6.851668513447887
13,2026-01-31,7.777223,2025-04-01,8.123241,-0.34601799999999994,-4.259605248693224
130,2026-01-31,10.983488,2025-04-01,11.22814,-0.2446520000000003,-2.17891832485167
131,2026-01-31,7.953182,2025-04-01,8.773018,-0.8198360000000005,-9.344971137640439
132,2026-01-31,11.833929,2025-04-01,12.212038,-0.37810900000000025,-3.096199012810149
133,2026-01-31,7.290325,2025-04-01,7.532551,-0.2422259999999996,-3.215723331976108
134,2026-01-31,8.33157,2025-04-01,8.268398,0.06317199999999978,0.7640174069995154
135,2026-01-31,8.839429,2025-04-01,8.770496,0.06893300000000124,0.7859646706412186
136,2026-01-31,8.568489,2025-04-01,8.733002,-0.16451300000000124,-1.883808110887885
137,2026-01-31,7.53506,2025-04-01,7.813005,-0.2779450000000008,-3.5574660453948352
138,2026-01-31,11.220531,2025-04-01,11.751404,-0.5308730000000015,-4.517528288534727
139,2026-01-31,6.894359,2025-04-01,7.059293,-0.16493400000000058,-2.3364096092909103
14,2026-01-31,5.775041,2025-04-01,5.729384,0.04565700000000028,0.796891952084208
140,2026-01-31,9.070209,2025-04-01,9.651841,-0.581631999999999,-6.0261249641389565
141,2026-01-31,7.537232,2025-04-01,7.494082,0.04315000000000069,0.5757876681893885
142,2026-01-31,9.349616,2025-04-01,9.934613,-0.5849970000000013,-5.888472958131347
143,2026-01-31,10.653284,2025-04-01,10.580571,0.07271299999999847,0.687231341295271
144,2026-01-31,8.407605,2025-04-01,8.11457,0.2930349999999997,3.6112203111193777
145,2026-01-31,9.788111,2025-04-01,9.988465,-0.20035399999999903,-2.0058537523032722
146,2026-01-31,15.091949,2025-04-01,16.163284,-1.0713350000000013,-6.628201298696486
147,2026-01-31,7.698666,2025-04-01,7.876902,-0.17823600000000006,-2.262767773421582
148,2026-01-31,7.508765,2025-04-01,7.320502,0.18826300000000007,2.5717225403394472
149,2026-01-31,7.09755,2025-04-01,7.107081,-0.009530999999999956,-0.13410568980429458
15,2026-01-31,6.821421,2025-04-01,6.888339,-0.06691800000000026,-0.9714678676528588
150,2026-01-31,9.870875,2025-04-01,10.008625,-0.13775000000000048,-1.3763129300977954
151,2026-01-31,10.381236,2025-04-01,10.414535,-0.0332990000000013,-0.3197358307404152
152,2026-01-31,8.162186,2025-04-01,8.672157,-0.5099710000000002,-5.880555437361203
153,2026-01-31,7.13533,2025-04-01,7.122109,0.013220999999999705,0.18563321622850346
154,2026-01-31,10.916083,2025-04-01,11.066374,-0.1502909999999993,-1.3580871204967344
155,2026-01-31,7.792947,2025-04-01,7.305829,0.4871179999999997,6.667525341751082
156,2026-01-31,8.685969,2025-04-01,9.058752,-0.3727830000000001,-4.11516950679299
157,2026-01-31,9.619355,2025-04-01,9.826563,-0.20720799999999961,-2.108651824651199
158,2026-01-31,8.614212,2025-04-01,8.860081,-0.245868999999999,-2.7750197769072207
159,2026-01-31,7.105597,2025-04-01,7.326413,-0.22081599999999924,-3.013971502835006
16,2026-01-31,8.256236,2025-04-01,8.327626,-0.07139000000000095,-0.8572671251086559
160,2026-01-31,9.701732,2025-04-01,9.807961,-0.1062290000000008,-1.0830895432802068
161,2026-01-31,9.887906,2025-04-01,10.785505,-0.8975990000000014,-8.322271418909
162,2026-01-31,11.310571,2025-04-01,12.233928,-0.9233570000000011,-7.547510497037428
163,2026-01-31,9.801286,2025-04-01,9.894305,-0.09301899999999996,-0.9401266688261578
164,2026-01-31,9.451506,2025-04-01,9.744392,-0.2928859999999993,-3.005687784317373
165,2026-01-31,11.156659,2025-04-01,11.680576,-0.5239170000000009,-4.485369557117738
166,2026-01-31,11.890316,2025-04-01,12.296779,-0.40646300000000046,-3.3054428318179943
167,2026-01-31,11.134474,2025-04-01,11.511311,-0.3768369999999983,-3.2736236558980845
169,2026-01-31,8.430949,2025-04-01,8.60381,-0.17286099999999927,-2.0091215403408405
17,2026-01-31,7.207178,2025-04-01,7.049846,0.15733200000000025,2.231708323841404
170,2026-01-31,8.461761,2025-04-01,9.047944,-0.5861830000000001,-6.478632051657263
171,2026-01-31,8.443236,2025-04-01,8.800185,-0.3569490000000002,-4.05615336495767
172,2026-01-31,8.20532,2025-04-01,8.671617,-0.4662969999999991,-5.377278539861702
173,2026-01-31,10.231598,2025-04-01,10.805415,-0.573817,-5.310457765851659
174,2026-01-31,9.884897,2025-04-01,10.789082,-0.904185,-8.380555454115559
175,2026-01-31,10.189991,2025-04-01,10.689337,-0.49934600000000096,-4.6714403334837415
176,2026-01-31,7.828277,2025-04-01,7.899916,-0.07163900000000023,-0.9068324270789744
177,2026-01-31,9.082906,2025-04-01,9.812127,-0.7292210000000008,-7.431834096725417
178,2026-01-31,9.459561,2025-04-01,10.118043,-0.6584819999999993,-6.507997643417797
179,2026-01-31,10.742789,2025-04-01,10.879391,-0.1366019999999999,-1.2556033697106748
18,2026-01-31,7.631672,2025-04-01,7.663449,-0.031776999999999944,-0.4146566382838842
180,2026-01-31,10.089198,2025-04-01,10.953725,-0.8645270000000007,-7.8925388395272
181,2026-01-31,8.970134,2025-04-01,9.120586,-0.15045199999999959,-1.6495869892570454
182,2026-01-31,9.321666,2025-04-01,9.361848,-0.04018199999999972,-0.4292101303076029
183,2026-01-31,9.616152,2025-04-01,9.848198,-0.23204600000000042,-2.356228012474977
184,2026-01-31,10.244381,2025-04-01,9.795689,0.4486920000000012,4.580504750610205
185,2026-01-31,7.79175,2025-04-01,7.759697,0.03205300000000033,0.4130702526142494
186,2026-01-31,9.83142,2025-04-01,9.700797,0.13062299999999993,1.346518229378472
187,2026-01-31,7.81382,2025-04-01,8.466178,-0.6523579999999995,-7.705460480514343
188,2026-01-31,7.672153,2025-04-01,7.719534,-0.04738100000000056,-0.6137805727651509
189,2026-01-31,7.977458,2025-04-01,8.492454,-0.514996,-6.064160017822881
19,2026-01-31,6.768625,2025-04-01,6.583422,0.18520300000000045,2.8131722377815134
190,2026-01-31,8.75826,2025-04-01,9.046798,-0.28853800000000085,-3.189393639605978
191,2026-01-31,9.082492,2025-04-01,9.795063,-0.7125710000000005,-7.274797517892437
192,2026-01-31,10.48469,2025-04-01,10.817296,-0.3326060000000002,-3.0747610123639046
193,2026-01-31,11.74954,2025-04-01,12.162302,-0.41276200000000074,-3.393781867939151
194,2026-01-31,10.518805,2025-04-01,10.941746,-0.4229409999999998,-3.8653885769236442
195,2026-01-31,7.847829,2025-04-01,8.051318,-0.20348900000000025,-2.527399861736926
196,2026-01-31,8.008149,2025-04-01,7.833534,0.1746149999999993,2.2290705574265623
197,2026-01-31,9.733287,2025-04-01,9.761249,-0.02796199999999871,-0.2864592430743106
198,2026-01-31,8.420108,2025-04-01,8.771262,-0.3511539999999993,-4.003460391446514
199,2026-01-31,8.162528,2025-04-01,8.090682,0.07184600000000074,0.888009193786145
2,2026-01-31,7.693909,2025-04-01,7.734902,-0.04099300000000028,-0.5299743939871543
20,2026-01-31,10.733707,2025-04-01,10.879546,-0.14583899999999872,-1.3404879210952252
200,2026-01-31,9.548746,2025-04-01,9.749011,-0.20026499999999992,-2.054208370469578
201,2026-01-31,7.688757,2025-04-01,8.86694,-1.1781829999999998,-13.287368584878209
202,2026-01-31,9.518371,2025-04-01,9.40731,0.11106099999999941,1.18058190917488
203,2026-01-31,10.811278,2025-04-01,10.848539,-0.03726100000000088,-0.3434656039859457
204,2026-01-31,9.066745,2025-04-01,9.699711,-0.6329660000000015,-6.525617103437427
205,2026-01-31,6.50798,2025-04-01,6.886004,-0.3780239999999999,-5.489744124458829
206,2026-01-31,8.574215,2025-04-01,8.852693,-0.2784779999999998,-3.145686854836147
207,2026-01-31,7.195751,2025-04-01,7.612249,-0.4164980000000007,-5.471418499316045
208,2026-01-31,10.009768,2025-04-01,10.371646,-0.3618780000000008,-3.489108671854022
209,2026-01-31,13.222627,2025-04-01,13.494523,-0.2718959999999999,-2.014861881372168
21,2026-01-31,7.489905,2025-04-01,7.555368,-0.06546299999999938,-0.8664435670108905
210,2026-01-31,10.504642,2025-04-01,10.721527,-0.21688499999999955,-2.0228928211438495
211,2026-01-31,6.42172,2025-04-01,7.421615,-0.9998950000000004,-13.472741445089786
212,2026-01-31,8.893448,2025-04-01,8.954491,-0.06104300000000151,-0.6817026227398241
213,2026-01-31,9.987607,2025-04-01,10.383821,-0.39621399999999873,-3.815685959917826
214,2026-01-31,6.917938,2025-04-01,7.170628,-0.2526899999999994,-3.523959128823855
215,2026-01-31,10.078179,2025-04-01,10.669942,-0.5917630000000003,-5.546075133304382
216,2026-01-31,11.483952,2025-04-01,11.654352,-0.170399999999999,-1.4621147533556478
217,2026-01-31,10.669665,2025-04-01,11.101657,-0.43199199999999927,-3.891238938475574
218,2026-01-31,8.528318,2025-04-01,8.833265,-0.3049470000000003,-3.452256894817491
219,2026-01-31,7.218939,2025-04-01,6.995567,0.22337199999999946,3.193050684812245
22,2026-01-31,6.337174,2025-04-01,6.514796,-0.1776219999999995,-2.7264399376434736
220,2026-01-31,6.813199,2025-04-01,7.64312,-0.8299209999999997,-10.858405991270576
221,2026-01-31,9.804163,2025-04-01,9.828909,-0.024745999999998602,-0.25176751560115784
222,2026-01-31,11.108943,2025-04-01,10.728478,0.38046499999999916,3.546309178245033
223,2026-01-31,9.619337,2025-04-01,9.103346,0.5159909999999996,5.668146635314089
224,2026-01-31,8.489788,2025-04-01,9.040746,-0.5509579999999996,-6.094165238134106
225,2026-01-31,8.009592,2025-04-01,8.206078,-0.19648600000000016,-2.394395958702807
226,2026-01-31,8.659515,2025-04-01,9.113926,-0.45441099999999857,-4.985897405794151
227,2026-01-31,9.930067,2025-04-01,9.537443,0.39262399999999964,4.116658940976105
228,2026-01-31,8.479834,2025-04-01,8.919026,-0.43919200000000025,-4.924214818972388
229,2026-01-31,11.68481,2025-04-01,11.723458,-0.03864800000000024,-0.3296638244449738
23,2026-01-31,7.038394,2025-04-01,7.149586,-0.11119199999999996,-1.5552229178025128
230,2026-01-31,7.845542,2025-04-01,7.929806,-0.08426400000000012,-1.0626237262298739
231,2026-01-31,10.943409,2025-04-01,11.188203,-0.24479399999999885,-2.18796530595663
232,2026-01-31,10.882494,2025-04-01,10.877489,0.005004999999998816,0.04601245747064249
233,2026-01-31,11.828489,2025-04-01,12.424174,-0.5956850000000014,-4.794564210063392
234,2026-01-31,10.41645,2025-04-01,11.175279,-0.7588290000000004,-6.7902465790787
235,2026-01-31,9.358186,2025-04-01,9.274193,0.08399299999999954,0.9056637057261967
236,2026-01-31,8.269969,2025-04-01,7.27287,0.9970989999999995,13.70984219434693
237,2026-01-31,8.644295,2025-04-01,8.789404,-0.1451089999999997,-1.6509538075619203
238,2026-01-31,7.703211,2025-04-01,7.889373,-0.18616200000000038,-2.3596551969339057
24,2026-01-31,6.970899,2025-04-01,6.754688,0.21621100000000038,3.200902839627832
240,2026-01-31,10.655912,2025-04-01,10.754677,-0.09876499999999844,-0.9183446420566461
241,2026-01-31,10.941322,2025-04-01,9.686789,1.2545330000000003,12.950968582055419
242,2026-01-31,7.573524,2025-04-01,7.511524,0.06200000000000028,0.8253984144895268
243,2026-01-31,7.200741,2025-04-01,7.191651,0.009089999999999598,0.12639656735288737
244,2026-01-31,10.341131,2025-04-01,11.171591,-0.8304599999999986,-7.433677083237282
245,2026-01-31,9.970044,2025-04-01,9.815776,0.15426800000000007,1.5716332565046318
246,2026-01-31,14.962618,2025-04-01,17.104024,-2.141405999999998,-12.519895902858872
247,2026-01-31,12.253167,2025-04-01,12.456008,-0.20284100000000116,-1.628459133937624
248,2026-01-31,10.049428,2025-04-01,10.584496,-0.535067999999999,-5.055205273826916
249,2026-01-31,8.847587,2025-04-01,8.970542,-0.12295499999999926,-1.3706529661195417
25,2026-01-31,6.803771,2025-04-01,7.212369,-0.4085979999999996,-5.665239812327955
250,2026-01-31,7.551699,2025-04-01,7.904023,-0.3523239999999994,-4.457527514785817
251,2026-01-31,12.448187,2025-04-01,12.328267,0.11992000000000047,0.9727239035299972
252,2026-01-31,11.385833,2025-04-01,12.01612,-0.6302870000000009,-5.245345419320055
253,2026-01-31,7.928468,2025-04-01,8.168411,-0.23994300000000113,-2.9374501356506313
254,2026-01-31,7.235671,2025-04-01,7.25477,-0.019098999999999755,-0.2632612749956202
255,2026-01-31,8.345001,2025-04-01,8.976706,-0.6317050000000002,-7.0371581736106785
256,2026-01-31,10.654029,2025-04-01,11.865737,-1.2117079999999998,-10.21182249362176
257,2026-01-31,8.206806,2025-04-01,7.959978,0.24682799999999983,3.1008628415807156
258,2026-01-31,9.835147,2025-04-01,9.955035,-0.11988800000000133,-1.2042951129755075
259,2026-01-31,7.915141,2025-04-01,7.711593,0.2035480000000005,2.639506519599783
26,2026-01-31,6.339711,2025-04-01,6.310185,0.029526000000000607,0.4679102118242272
260,2026-01-31,7.922521,2025-04-01,8.056398,-0.13387700000000002,-1.6617475948929044
261,2026-01-31,10.119194,2025-04-01,9.980215,0.13897900000000085,1.392545150580432
262,2026-01-31,9.880802,2025-04-01,9.452634,0.42816799999999944,4.529615766356758
263,2026-01-31,8.785502,2025-04-01,9.104556,-0.3190540000000013,-3.504333434820998
264,2026-01-31,9.242168,2025-04-01,9.554044,-0.3118759999999998,-3.2643349768956456
265,2026-01-31,12.179869,2025-04-01,12.37954,-0.19967100000000038,-1.6129113036510272
266,2026-01-31,7.539791,2025-04-01,7.671533,-0.13174200000000003,-1.7172838857631194
267,2026-01-31,8.510318,2025-04-01,8.405692,0.10462599999999966,1.2447041837840318
268,2026-01-31,8.168314,2025-04-01,7.977496,0.19081800000000015,2.3919535653794144
269,2026-01-31,13.542347,2025-04-01,13.437352,0.10499499999999884,0.781366745471867
27,2026-01-31,6.513328,2025-04-01,7.075821,-0.5624930000000008,-7.949508615325356
270,2026-01-31,8.088313,2025-04-01,8.287845,-0.19953200000000137,-2.407525719894633
272,2026-01-31,7.244238,2025-04-01,6.998128,0.24610999999999983,3.516797635024678
273,2026-01-31,10.584586,2025-04-01,9.728038,0.8565480000000001,8.804940934646844
274,2026-01-31,7.594156,2025-04-01,7.577419,0.016737000000000002,0.22087995925789508
275,2026-01-31,10.241501,2025-04-01,11.025585,-0.784084,-7.111495671204748
276,2026-01-31,8.39422,2025-04-01,8.513894,-0.11967399999999984,-1.405631782589727
277,2026-01-31,8.330264,2025-04-01,8.600336,-0.27007200000000076,-3.1402494042093325
278,2026-01-31,10.761013,2025-04-01,10.706796,0.054216999999999516,0.5063793127280982
279,2026-01-31,8.147323,2025-04-01,7.875296,0.27202700000000046,3.454181277757693
28,2026-01-31,7.142835,2025-04-01,7.391156,-0.2483209999999998,-3.359704490068939
280,2026-01-31,8.93492,2025-04-01,9.148342,-0.21342199999999956,-2.3329036015487787
281,2026-01-31,8.918032,2025-04-01,9.085639,-0.16760700000000028,-1.8447464179459503
281N,2026-01-31,13.954699,2025-04-26,14.173019,-0.2183200000000003,-1.5403916413292065
281R,2026-01-31,8.815445,2025-04-26,9.203684,-0.38823900000000044,-4.2182999764007585
282,2026-01-31,10.802446,2025-04-01,10.89056,-0.08811400000000091,-0.8090860341433399
283,2025-12-06,7.592858,2025-04-01,8.566291,-0.973433,-11.363529443489604
284,2026-01-31,8.868523,2025-04-01,8.981429,-0.11290600000000062,-1.2571050775995736
285,2026-01-31,10.344815,2025-04-01,10.70135,-0.35653499999999916,-3.331682451279504
286,2026-01-31,10.288921,2025-04-01,10.37805,-0.08912899999999979,-0.8588222257553182
287,2026-01-31,11.483046,2025-04-01,11.639793,-0.1567469999999993,-1.3466476594557937
288,2026-01-31,9.460068,2025-04-01,9.512379,-0.05231099999999955,-0.5499255233627629
289,2026-01-31,8.532518,2025-04-01,8.714139,-0.1816209999999998,-2.0842104997407067
29,2026-01-31,7.072659,2025-04-01,7.008379,0.06428000000000011,0.9171878404407083
290,2026-01-31,11.968836,2025-04-01,12.171859,-0.20302299999999995,-1.6679703568698911
291,2026-01-31,9.356211,2025-04-01,9.512421,-0.15620999999999974,-1.6421686971171665
292,2026-01-31,10.304098,2025-04-01,10.598914,-0.29481600000000086,-2.7815679983817287
293,2026-01-31,10.952441,2025-04-01,11.421707,-0.4692659999999993,-4.108545246345396
294,2026-01-31,10.092604,2025-04-01,10.307411,-0.21480700000000041,-2.0840053821468882
295,2026-01-31,7.074962,2025-04-01,7.444933,-0.3699709999999996,-4.969433573142963
296,2026-01-31,11.29356,2025-04-01,11.555413,-0.26185300000000034,-2.2660635323030025
297,2026-01-31,8.932703,2025-04-01,8.961442,-0.028738999999999848,-0.32069615581956396
298,2026-01-31,12.499844,2025-04-01,13.688493,-1.1886489999999998,-8.68356363260733
299,2026-01-31,9.798201,2025-04-01,10.699943,-0.9017419999999987,-8.427540221475935
3,2026-01-31,8.319235,2025-04-01,7.7365,0.5827350000000004,7.532282039682032
30,2026-01-31,6.521464,2025-04-01,6.857586,-0.3361220000000005,-4.901462409658449
300,2026-01-31,8.856162,2025-04-01,8.821227,0.03493499999999905,0.39603334093997405
301,2026-01-31,12.661031,2025-04-01,12.708008,-0.046977000000000046,-0.3696645453795752
302,2026-01-31,9.349798,2025-04-01,9.731208,-0.3814100000000007,-3.9194517268565288
303,2026-01-31,10.070102,2025-04-01,10.32218,-0.25207799999999914,-2.442100409022117
304,2026-01-31,8.297481,2025-04-01,8.757908,-0.46042700000000103,-5.2572714853821365
306,2026-01-31,7.297345,2025-04-01,7.436861,-0.13951600000000042,-1.8760065570675641
307,2026-01-31,10.506989,2025-04-01,10.952473,-0.44548399999999866,-4.067428424612403
308,2026-01-31,8.897315,2025-04-01,8.813771,0.08354400000000162,0.9478803113900012
309,2026-01-31,8.618012,2025-04-01,8.957134,-0.3391219999999997,-3.7860547804688385
31,2026-01-31,6.868277,2025-04-01,8.163869,-1.295592,-15.869828386516247
310,2026-01-31,8.627622,2025-04-01,8.767921,-0.14029899999999884,-1.6001398735230261
312,2026-01-31,9.543053,2025-04-01,10.075428,-0.532375,-5.283894639513081
313,2026-01-31,12.033981,2025-04-01,12.199678,-0.16569699999999976,-1.358207978931901
314,2026-01-31,11.651979,2025-04-01,12.260064,-0.6080849999999991,-4.95988438559537
315,2026-01-31,8.448354,2025-04-01,8.731987,-0.283633,-3.2482068514302647
316,2026-01-31,7.862196,2025-04-01,8.207371,-0.34517500000000023,-4.205670731833619
317,2026-01-31,10.74626,2025-04-01,10.862792,-0.11653200000000119,-1.072762877168238
318,2026-01-31,9.060163,2025-04-01,9.313975,-0.2538119999999999,-2.7250663653273706
319,2026-01-31,7.282264,2025-04-01,7.480244,-0.19798000000000027,-2.6467051074804546
32,2026-01-31,7.228688,2025-04-01,8.149384,-0.9206959999999995,-11.297737350454948
320,2026-01-31,12.182382,2025-04-01,13.171132,-0.9887499999999996,-7.506947770320725
321,2026-01-31,10.143058,2025-04-01,10.544354,-0.4012960000000003,-3.805790283596324
322,2026-01-31,7.927167,2025-04-01,8.072786,-0.14561900000000083,-1.803825841537244
323,2026-01-31,10.382183,2025-04-01,10.620622,-0.23843899999999962,-2.245056833771126
324,2026-01-31,10.396756,2025-04-01,10.820455,-0.42369900000000094,-3.915722582830398
325,2026-01-31,10.250036,2025-04-01,9.809434,0.44060200000000016,4.491614908668535
326,2026-01-31,10.755449,2025-04-01,11.788482,-1.0330329999999996,-8.763070597215144
327,2026-01-31,9.569288,2025-04-01,9.575915,-0.0066269999999999385,-0.06920487493884332
328,2026-01-31,7.39869,2025-04-01,7.672128,-0.2734379999999996,-3.5640437698641056
329,2026-01-31,8.435356,2025-04-01,8.939608,-0.5042519999999993,-5.640650015078952
33,2026-01-31,10.143886,2025-04-01,10.515647,-0.37176099999999934,-3.535312663120009
330,2026-01-31,7.879756,2025-04-01,8.405626,-0.5258699999999994,-6.256167000530352
331,2026-01-31,14.889892,2025-04-01,14.781667,0.10822499999999913,0.7321569346677822
333,2026-01-31,7.92861,2025-04-01,8.397947,-0.46933700000000034,-5.588711145712164
335,2026-01-31,10.452682,2025-04-01,10.408912,0.04376999999999853,0.4205050441390851
336,2026-01-31,10.924341,2025-04-01,11.397596,-0.473255,-4.152235260839215
337,2026-01-31,8.914246,2025-04-01,8.997958,-0.08371200000000023,-0.9303444181446527
339,2026-01-31,7.94562,2025-04-01,8.26812,-0.3224999999999998,-3.9005239401460043
34,2026-01-31,10.995863,2025-04-01,11.55926,-0.5633970000000001,-4.873988473310577
340,2026-01-31,9.643074,2025-04-01,10.090028,-0.44695399999999985,-4.429660651090362
341,2026-01-31,7.946144,2025-04-01,7.542187,0.4039570000000001,5.355966379512999
343,2026-01-31,8.170624,2025-04-01,7.761347,0.40927700000000033,5.273272796590596
344,2026-01-31,7.080082,2025-04-01,7.29146,-0.21137799999999984,-2.898980451103069
345,2026-01-31,7.146582,2025-04-01,7.032987,0.11359500000000011,1.6151743206691567
346,2026-01-31,11.691054,2025-04-01,13.004217,-1.3131630000000012,-10.097978217373651
349,2026-01-31,7.815967,2025-04-01,7.973998,-0.15803100000000025,-1.9818289395106479
35,2026-01-31,6.894552,2025-04-01,6.902368,-0.007816000000000045,-0.11323650086463145
350,2026-01-31,12.901779,2025-04-01,13.092072,-0.1902930000000005,-1.4534979642641783
352,2026-01-31,13.001904,2025-04-01,13.13928,-0.13737599999999972,-1.0455367417392714
353,2026-01-31,12.810222,2025-04-01,12.99006,-0.17983800000000016,-1.3844277855529548
354,2026-01-31,11.110609,2025-04-01,11.018871,0.09173799999999943,0.8325535347496076
355,2026-01-31,8.018485,2025-04-01,7.482426,0.5360589999999998,7.164240581864756
356,2026-01-31,11.011509,2025-04-01,11.123823,-0.11231399999999958,-1.0096708658525002
357,2026-01-31,8.431998,2025-04-01,8.291185,0.14081299999999963,1.6983458938619707
358,2026-01-31,10.739304,2025-04-01,11.230528,-0.491223999999999,-4.374006280025293
359,2026-01-31,12.197053,2025-04-01,12.309343,-0.11228999999999978,-0.9122339023293102
36,2026-01-31,7.527884,2025-04-01,7.572186,-0.044302000000000064,-0.5850622264165204
360,2026-01-31,7.696063,2025-04-01,8.052249,-0.3561860000000001,-4.423434993130492
362,2026-01-31,12.973271,2025-04-01,13.224838,-0.25156699999999965,-1.9022312409422304
363,2026-01-31,9.273677,2025-04-01,8.957321,0.31635599999999897,3.5318149254671005
364,2026-01-31,9.748968,2025-04-01,10.146332,-0.3973639999999996,-3.91633153734768
365,2026-01-31,10.807142,2025-04-01,11.165335,-0.358193,-3.208081083102298
366,2026-01-31,10.356475,2025-04-01,10.541093,-0.1846180000000004,-1.7514123061052624
367,2026-01-31,10.481449,2025-04-01,11.213107,-0.7316580000000013,-6.525024687626732
368,2026-01-31,10.378851,2025-04-01,10.534716,-0.15586500000000036,-1.4795368000428335
37,2026-01-31,8.046245,2025-04-01,8.01894,0.027305000000000135,0.3405063512135037
370,2026-01-31,13.68612,2025-04-01,14.268854,-0.5827339999999985,-4.083957968874015
371,2026-01-31,9.742613,2025-04-01,10.20615,-0.46353699999999876,-4.541741988898838
372,2026-01-31,13.507286,2025-04-01,13.783545,-0.2762589999999996,-2.0042666817571213
375,2026-01-31,15.198358,2025-04-01,16.192623,-0.9942650000000004,-6.140234352396152
376,2026-01-31,8.79151,2025-04-01,9.109288,-0.3177779999999988,-3.488505358486841
377,2026-01-31,10.449347,2025-04-01,11.029474,-0.580127000000001,-5.259788454100358
378,2026-01-31,10.547217,2025-04-01,10.571155,-0.02393799999999935,-0.2264464006061717
379,2026-01-31,11.066022,2025-04-01,11.32821,-0.2621880000000001,-2.314469805909319
38,2026-01-31,6.393758,2025-04-01,6.20267,0.1910879999999997,3.080737811297388
380,2026-01-31,9.831505,2025-04-01,10.206741,-0.37523599999999924,-3.676354675797096
381,2026-01-31,7.803282,2025-04-01,7.870001,-0.06671899999999997,-0.8477635517454187
382,2026-01-31,10.362637,2025-04-01,10.149436,0.21320099999999975,2.1006191871154196
383,2026-01-31,9.941657,2025-04-01,10.887067,-0.9454100000000007,-8.683789674482584
384,2026-01-31,11.708847,2025-04-01,12.165167,-0.45631999999999984,-3.751037696399892
385,2026-01-31,9.148057,2025-04-01,9.668965,-0.5209080000000004,-5.387422542123178
386,2026-01-31,9.548222,2025-04-01,9.550664,-0.002441999999998501,-0.025568902853230952
388,2026-01-31,7.318342,2025-04-01,7.433492,-0.11514999999999986,-1.5490700736612062
389,2026-01-31,9.122094,2025-04-01,9.430854,-0.3087599999999995,-3.2739346829035787
39,2026-01-31,8.98756,2025-04-01,9.013859,-0.02629899999999985,-0.29176183031041253
390,2026-01-31,7.243441,2025-04-01,7.137064,0.10637700000000017,1.4904868444503254
393,2026-01-31,7.869864,2025-04-01,7.991517,-0.12165300000000023,-1.5222766841389468
394,2026-01-31,7.066971,2025-04-01,7.150518,-0.08354700000000026,-1.1684048624169643
395,2026-01-31,9.729947,2025-04-01,10.229829,-0.49988200000000127,-4.886513743289368
396,2026-01-31,10.706149,2025-04-01,10.63014,0.0760089999999991,0.7150329158411752
397,2026-01-31,10.505996,2025-04-01,10.733134,-0.22713800000000006,-2.116231848032458
398,2026-01-31,9.982975,2025-04-01,10.144692,-0.16171699999999944,-1.5941045819823751
399,2026-01-31,14.175099,2025-04-01,13.954388,0.22071099999999966,1.5816601917619009
4,2026-01-31,7.5455,2025-04-01,7.734363,-0.18886300000000045,-2.4418688391015584
40,2026-01-31,7.605211,2025-04-01,7.283878,0.3213330000000001,4.4115648285158
401,2026-01-31,13.715383,2025-04-01,13.694238,0.02114499999999886,0.15440800722171513
403,2026-01-31,12.436525,2025-04-01,12.604034,-0.1675090000000008,-1.3290110134580786
404,2026-01-31,13.128029,2025-04-01,12.897715,0.2303139999999999,1.7856961485038232
405,2026-01-31,12.728235,2025-04-01,13.552006,-0.8237710000000007,-6.078590874295663
406,2026-01-31,9.830354,2025-04-01,10.370845,-0.5404909999999994,-5.211638974451931
407,2026-01-31,10.865471,2025-04-01,11.221685,-0.35621400000000136,-3.1743361179716
41,2026-01-31,7.879348,2025-04-01,7.513166,0.36618200000000023,4.873870749029107
410,2026-01-31,9.101995,2025-04-01,9.277322,-0.17532699999999934,-1.8898449358554046
411,2026-01-31,11.862423,2025-04-01,11.904793,-0.04237000000000002,-0.3559070703707323
412,2026-01-31,11.104584,2025-04-01,10.986898,0.11768599999999907,1.0711485625879031
413,2026-01-31,11.140832,2025-04-01,11.197862,-0.057030000000001024,-0.5092936490912374
415,2026-01-31,8.767403,2025-04-01,8.976093,-0.2086900000000007,-2.324953629602553
417,2026-01-31,8.415271,2025-04-01,8.951306,-0.536035,-5.988344047226182
418,2026-01-31,10.172365,2025-04-01,10.724498,-0.5521330000000013,-5.14833421573673
419,2026-01-31,10.643241,2025-04-01,10.89792,-0.25467899999999943,-2.3369505373502415
42,2026-01-31,7.652927,2025-04-01,7.417273,0.23565400000000025,3.1770975667202794
422,2026-01-31,10.562798,2025-04-01,10.88541,-0.32261199999999945,-2.9637101404540522
423,2026-01-31,11.804606,2025-04-01,11.880952,-0.07634600000000091,-0.6425916037704799
424,2026-01-31,6.647426,2025-04-01,6.881748,-0.2343219999999997,-3.4049779213071987
425,2026-01-31,7.524244,2025-04-01,7.71313,-0.18888599999999922,-2.448889102089544
427,2026-01-31,9.486148,2025-04-01,8.75969,0.7264579999999992,8.293193023954034
428,2026-01-31,11.72765,2025-04-01,12.55561,-0.8279599999999991,-6.594343086476876
43,2026-01-31,7.769021,2025-04-01,7.721959,0.04706200000000038,0.6094567453673398
430,2026-01-31,8.189622,2025-04-01,8.414607,-0.2249850000000002,-2.6737434083374327
432,2026-01-31,8.304986,2025-04-01,8.779429,-0.47444300000000084,-5.4040302621047545
433,2026-01-31,11.920361,2025-04-01,12.721395,-0.8010339999999996,-6.29674654391283
434,2026-01-31,12.751716,2025-04-01,12.78684,-0.03512399999999971,-0.2746886642829637
436,2026-01-31,7.738131,2025-04-01,8.139054,-0.4009229999999997,-4.925916451715392
439,2026-01-31,10.690248,2025-04-01,11.010687,-0.32043900000000036,-2.910254373773411
44,2026-01-31,7.44429,2025-04-01,7.6905,-0.24621000000000048,-3.2014823483518686
440,2026-01-31,8.450064,2025-04-01,8.561991,-0.11192700000000144,-1.307254352404732
444,2026-01-31,9.852803,2025-04-01,10.341826,-0.48902299999999954,-4.728594350746179
45,2026-01-31,8.423425,2025-04-01,8.881673,-0.4582479999999993,-5.159478400071691
450,2026-01-31,9.248067,2025-04-01,8.952706,0.29536100000000154,3.299125426435332
452,2026-01-31,7.358393,2025-04-01,7.973177,-0.6147839999999993,-7.710652855191843
453,2026-01-31,7.124737,2025-04-01,6.962232,0.16250499999999946,2.3340934344043616
456,2026-01-31,11.157387,2025-04-01,11.146793,0.010593999999999326,0.09504078886186659
46,2026-01-31,7.56167,2025-04-01,7.477424,0.08424600000000027,1.1266714312308659
460,2026-01-31,8.840854,2025-04-01,8.831082,0.009771999999999892,0.1106546174070164
462,2026-01-31,11.369429,2025-04-01,11.014408,0.3550210000000007,3.2232417756814598
463,2026-01-31,12.09492,2025-04-01,12.348843,-0.25392300000000034,-2.056249318255972
464,2026-01-31,17.806159,2025-04-01,17.306629,0.49953000000000003,2.886350657889529
465,2026-01-31,13.367671,2025-04-01,14.098091,-0.7304200000000005,-5.180985141889072
466,2026-01-31,11.699325,2025-04-01,12.564516,-0.8651909999999994,-6.885987490485104
467,2026-01-31,11.286608,2025-04-01,11.449514,-0.16290600000000133,-1.422820217521908
468,2026-01-31,8.68601,2025-04-01,8.796291,-0.11028100000000052,-1.2537215969776412
469,2026-01-31,11.136011,2025-04-01,11.754516,-0.6185050000000007,-5.26184999875793
47,2026-01-31,7.316707,2025-04-01,7.374881,-0.05817400000000017,-0.7888127279613077
470,2026-01-31,8.452173,2025-04-01,8.518573,-0.06639999999999979,-0.779473275629613
472,2026-01-03,11.233208,2025-04-01,12.055706,-0.8224980000000013,-6.82247891579308
473,2026-01-31,10.230367,2025-04-01,10.304963,-0.07459600000000144,-0.7238842099675801
474,2026-01-31,9.92806,2025-04-01,10.292236,-0.3641760000000005,-3.538356485412893
476,2026-01-31,7.932573,2025-04-01,8.114813,-0.18224000000000018,-2.245769557474709
481,2026-01-31,9.543364,2025-04-01,9.050511,0.4928530000000002,5.445582022937712
481D,2026-01-31,6.978787,2025-04-01,8.998811,-2.0200240000000003,-22.44767669862163
482,2026-01-31,11.674142,2025-04-01,10.626252,1.0478900000000007,9.86133210467812
483,2026-01-31,8.036927,2025-04-01,8.509112,-0.47218499999999963,-5.549168937957329
484,2026-01-31,9.310668,2025-04-01,9.555803,-0.24513499999999944,-2.565299849735281
485,2026-01-31,9.718087,2025-04-01,10.320288,-0.6022009999999991,-5.835118167244937
486,2026-01-31,11.008319,2025-04-01,11.486854,-0.47853499999999904,-4.165936121413218
487,2026-01-31,9.698035,2025-04-01,10.316231,-0.6181959999999993,-5.992459843134564
488,2026-01-31,7.791179,2025-04-01,7.950501,-0.1593220000000004,-2.003924029441672
49,2026-01-31,7.236389,2025-04-01,7.316738,-0.080349,-1.0981533027422876
490,2026-01-31,11.148982,2025-04-01,11.039751,0.10923099999999941,0.989433547912443
491,2026-01-31,10.164725,2025-04-01,10.317052,-0.15232699999999966,-1.476458585262531
492,2026-01-31,11.365019,2025-04-01,11.765777,-0.4007579999999997,-3.4061328886311526
493,2026-01-31,9.832159,2025-04-01,10.050858,-0.2186989999999991,-2.1759236873110646
496,2026-01-31,10.44267,2025-04-01,11.750521,-1.3078510000000012,-11.13015329277741
498,2026-01-31,10.764089,2025-04-01,11.809932,-1.0458429999999996,-8.855622538724182
499,2026-01-31,10.886077,2025-04-01,11.987515,-1.101438,-9.188209566369675
5,2026-01-31,9.076581,2025-04-01,9.279128,-0.20254700000000092,-2.1828236446355835
50,2026-01-31,8.25936,2025-04-01,8.600801,-0.34144100000000144,-3.969874433788218
51,2026-01-31,10.159512,2025-04-01,9.89421,0.26530200000000015,2.6813863865836707
52,2026-01-31,7.519711,2025-04-01,8.082795,-0.5630840000000008,-6.96645158017741
53,2026-01-31,9.19554,2025-04-01,9.552195,-0.35665499999999994,-3.73374915399026
533,2026-01-31,13.472247,2025-04-01,13.339299,0.13294799999999896,0.9966640675795554
54,2026-01-31,9.402038,2025-04-01,9.506136,-0.10409800000000047,-1.0950611268342938
55,2026-01-31,7.006845,2025-04-01,6.991155,0.015690000000000204,0.22442643597517442
56,2026-01-31,7.925225,2025-04-01,8.199485,-0.27425999999999906,-3.344844218874711
57,2026-01-31,8.397718,2025-04-01,8.932443,-0.5347249999999999,-5.986324234030936
58,2026-01-31,7.633821,2025-04-01,7.848355,-0.21453399999999956,-2.7334900116011513
59,2026-01-31,7.375815,2025-04-01,7.431421,-0.055606000000000044,-0.7482552798448646
6,2026-01-31,8.648842,2025-04-01,8.990622,-0.34178,-3.8015167359944613
60,2026-01-31,8.941862,2025-04-01,9.585783,-0.6439209999999989,-6.717458552942403
601,2026-01-31,10.717362,2025-04-01,11.790895,-1.0735330000000012,-9.104762615560576
602,2026-01-31,11.255957,2025-04-01,11.166933,0.08902400000000021,0.7972108366728825
603,2026-01-31,7.514831,2025-04-01,7.646657,-0.13182600000000022,-1.7239690494813644
606,2026-01-31,8.884497,2025-04-01,9.249567,-0.3650700000000011,-3.946887459704882
608,2026-01-31,10.769637,2025-04-01,11.41874,-0.6491030000000002,-5.684541376719325
61,2026-01-31,12.007568,2025-04-01,12.465721,-0.45815300000000114,-3.6753028565295267
612,2026-01-31,8.215326,2025-04-01,8.759561,-0.5442350000000005,-6.213039671736979
613,2026-01-31,8.723374,2025-04-01,9.463099,-0.739725,-7.816942420236753
616,2026-01-31,8.839377,2025-04-01,9.192955,-0.35357799999999884,-3.846184387936184
617,2026-01-31,9.629041,2025-04-01,10.403137,-0.7740959999999983,-7.4409863101869975
618,2026-01-31,6.265609,2025-04-01,6.571092,-0.3054829999999997,-4.648892451969927
62,2026-01-31,9.362979,2025-04-01,8.956571,0.406407999999999,4.537540092073171
621,2026-01-31,9.047711,2025-04-01,9.510923,-0.4632120000000004,-4.870315951459184
624,2026-01-31,9.299607,2025-04-01,9.589958,-0.29035099999999936,-3.0276566383293795
625,2026-01-31,7.762359,2025-04-01,8.190434,-0.42807499999999976,-5.226524015699288
626,2026-01-31,10.939549,2025-04-01,11.112285,-0.17273600000000044,-1.5544597713251636
627,2026-01-31,8.221672,2025-04-01,8.070836,0.15083599999999997,1.868901808932804
628,2026-01-31,10.701718,2025-04-01,10.847817,-0.14609899999999953,-1.3468055370034318
629,2026-01-31,9.198808,2025-04-01,9.713174,-0.5143660000000008,-5.2955501466359065
63,2026-01-31,7.262143,2025-04-01,6.968862,0.29328100000000035,4.208448954793485
631,2026-01-31,8.6519,2025-04-01,12.556284,-3.9043840000000003,-31.09505965299925
632,2026-01-31,7.682565,2025-04-01,9.61291,-1.930344999999999,-20.080755983359868
633,2026-01-31,9.067688,2025-04-01,9.453477,-0.38578899999999905,-4.080921760321616
634,2026-01-31,8.636154,2025-04-01,9.389166,-0.753012,-8.020009444928336
635,2026-01-31,10.243502,2025-04-01,10.801458,-0.5579560000000008,-5.165561908401632
638,2026-01-31,9.607477,2025-04-01,10.307781,-0.7003040000000009,-6.793935571584233
639,2026-01-31,8.374225,2025-04-01,8.731382,-0.35715700000000083,-4.090497930339102
64,2026-01-31,10.751164,2025-04-01,11.408851,-0.657687000000001,-5.76470847064267
640,2026-01-31,8.232798,2025-04-01,8.116761,0.11603700000000039,1.429597348006186
642,2026-01-31,8.827172,2025-04-01,9.463983,-0.6368110000000016,-6.728784276134071
643,2026-01-31,8.53225,2025-04-01,9.230077,-0.6978270000000002,-7.560359463956804
645,2026-01-31,7.490552,2025-04-01,8.888899,-1.3983470000000002,-15.731385855548591
646,2026-01-31,6.63951,2025-04-01,8.719577,-2.0800669999999997,-23.85513655077534
649,2026-01-31,7.896842,2025-04-01,9.682567,-1.7857250000000002,-18.442681574008216
65,2026-01-31,8.800237,2025-04-01,9.208954,-0.4087170000000011,-4.4382565055705685
650,2026-01-31,6.72973,2025-04-01,7.103962,-0.3742320000000001,-5.267933584104196
651,2026-01-31,9.971053,2025-04-01,11.018006,-1.0469530000000002,-9.502200307387746
652,2026-01-31,8.091628,2025-04-01,9.698364,-1.6067359999999997,-16.567082860573183
653,2026-01-31,7.866305,2025-04-01,9.058263,-1.1919580000000005,-13.158792143703495
655,2026-01-31,6.621655,2025-04-01,6.728336,-0.10668100000000003,-1.585548046352026
656,2026-01-31,6.104983,2025-04-01,6.971157,-0.866174,-12.425111068363545
657,2026-01-31,9.027947,2025-04-01,9.887374,-0.8594270000000002,-8.692166393220285
658,2026-01-31,8.468071,2025-04-01,8.46725,0.0008210000000001827,0.009696182349643421
66,2026-01-31,11.823952,2025-04-01,11.668898,0.1550539999999998,1.3287801470198797
660,2026-01-31,8.477597,2025-04-01,8.277409,0.20018799999999892,2.4184862678647256
661,2026-01-31,9.400225,2025-04-01,8.250375,1.1498500000000007,13.936942260200302
662,2026-01-31,8.606676,2025-04-01,9.374712,-0.7680360000000004,-8.192635677768024
663,2026-01-31,7.542225,2025-04-01,7.09437,0.44785500000000056,6.312822703073008
664,2026-01-31,11.448043,2025-04-01,14.032725,-2.584681999999999,-18.418959966791903
665,2026-01-31,10.287127,2025-04-01,10.368173,-0.08104600000000062,-0.7816806297503004
667,2026-01-31,8.398148,2025-04-01,9.375102,-0.9769539999999992,-10.420729289131993
669,2026-01-31,9.395646,2025-04-01,9.699515,-0.3038690000000006,-3.132826744430011
67,2026-01-31,7.992335,2025-04-01,7.732773,0.25956199999999985,3.356648384738565
670,2026-01-31,7.459358,2025-04-01,7.817971,-0.35861300000000007,-4.587034155025646
671,2026-01-31,8.427864,2025-04-01,9.159419,-0.7315550000000002,-7.986914890562384
672,2026-01-31,10.492316,2025-04-01,10.995328,-0.503012,-4.574779397213071
674,2026-01-31,7.460628,2025-04-01,8.459272,-0.9986440000000005,-11.805318471849594
675,2026-01-31,9.357778,2025-04-01,10.978027,-1.6202490000000012,-14.759018173302005
677,2026-01-31,8.855411,2025-04-26,9.451208,-0.5957969999999992,-6.303924323747815
678,2026-01-31,9.168885,2025-04-01,7.490188,1.6786969999999997,22.411947470477372
679,2026-01-31,7.772094,2025-04-01,8.317931,-0.5458369999999997,-6.56217273261824
68,2026-01-31,6.82372,2025-04-01,6.99057,-0.16685000000000016,-2.3867867713219404
681,2026-01-31,7.962863,2025-04-01,7.935383,0.027479999999999727,0.34629708484139615
683,2026-01-31,7.848689,2025-04-01,7.31192,0.5367690000000005,7.341013030777149
684,2026-01-31,10.47649,2025-04-01,12.570321,-2.0938309999999998,-16.65694137802845
685,2026-01-31,8.23635,2025-04-01,8.847041,-0.610691000000001,-6.902771220343626
686,2026-01-31,10.33178,2025-04-01,11.023413,-0.6916329999999995,-6.274218338730478
687,2026-01-31,9.459613,2025-04-01,9.963773,-0.5041600000000006,-5.059930610623111
688,2026-01-31,10.692584,2025-04-01,10.160908,0.5316760000000009,5.232563861418694
689,2026-01-31,6.79526,2025-04-01,7.734354,-0.9390939999999999,-12.141854381115733
69,2026-01-31,8.143461,2025-04-01,8.058214,0.08524700000000074,1.0578895025622395
690,2026-01-31,7.025421,2025-04-01,7.202591,-0.17717000000000027,-2.4598092547529116
695,2026-01-31,8.608124,2025-08-16,7.860193,0.7479310000000003,9.515427929059763
696,2026-01-31,9.718528,2025-04-01,9.840502,-0.12197400000000158,-1.239509935570376
697,2026-01-31,8.392801,2025-04-01,8.287184,0.10561700000000052,1.2744618678673059
698,2026-01-31,7.718983,2025-04-01,8.10361,-0.38462700000000005,-4.746366125714343
699,2026-01-31,11.500838,2025-04-01,12.778388,-1.2775499999999997,-9.997739934019844
7,2026-01-31,7.905773,2025-04-01,8.050252,-0.14447900000000047,-1.7947140039839806
70,2026-01-31,7.444117,2025-04-01,8.228792,-0.784675,-9.53572529236369
700,2025-09-13,9.416703,2025-07-19,9.829062,-0.41235900000000036,-4.195303682080755
71,2026-01-31,10.602237,2025-04-01,11.339494,-0.7372569999999996,-6.501674589712729
72,2026-01-31,6.076705,2025-04-01,6.684435,-0.6077300000000001,-9.091718297806771
73,2026-01-31,6.941449,2025-04-01,7.068128,-0.12667899999999932,-1.792256733324571
74,2026-01-31,7.712451,2025-04-01,7.56128,0.15117099999999972,1.9992779000380851
75,2026-01-31,8.778705,2025-04-01,8.92317,-0.1444650000000003,-1.618987422631198
76,2026-01-31,7.366631,2025-04-01,7.359385,0.007246000000000308,0.09845931419541588
77,2026-01-31,7.967208,2025-04-01,8.276986,-0.30977800000000055,-3.742642551286187
78,2026-01-31,7.099748,2025-04-01,6.966963,0.13278500000000015,1.905923714536738
79,2026-01-31,9.477398,2025-04-01,9.505185,-0.027787000000000006,-0.29233518337623104
8,2026-01-31,6.954559,2025-04-01,7.433718,-0.4791590000000001,-6.445751641372461
80,2026-01-31,10.798547,2025-04-01,10.818764,-0.020217000000000596,-0.1868697755122544
81,2026-01-31,11.866728,2025-04-01,11.411157,0.45557100000000084,3.992329612150642
83,2026-01-31,8.668834,2025-04-01,8.581622,0.08721200000000096,1.0162647574083428
85,2026-01-31,9.785331,2025-04-01,10.137342,-0.35201100000000096,-3.472419101575156
86,2026-01-31,9.09932,2025-04-01,9.048571,0.05074899999999971,0.5608509896203467
87,2026-01-31,7.658713,2025-04-01,7.774257,-0.11554400000000076,-1.4862384919870897
88,2026-01-31,7.028899,2025-04-01,7.019422,0.009477000000000402,0.13501111629989482
89,2026-01-31,10.266826,2025-04-01,10.480852,-0.2140260000000005,-2.042066809072397
9,2026-01-31,6.879596,2025-04-01,6.762408,0.11718800000000051,1.7329330025635914
90,2026-01-31,10.875084,2025-04-01,11.060585,-0.18550100000000036,-1.6771355222169566
91,2026-01-31,6.912341,2025-04-01,7.075716,-0.16337500000000027,-2.3089536097830985
92,2026-01-31,8.829498,2025-04-01,9.278525,-0.44902700000000095,-4.839422214198927
93,2026-01-31,9.214705,2025-04-01,9.204717,0.009987999999999886,0.10850958264115981
94,2026-01-31,7.187734,2025-04-01,6.975843,0.2118909999999996,3.037496686780359
95,2026-01-31,9.466211,2025-04-01,9.97026,-0.5040490000000002,-5.055525131741803
96,2026-01-31,10.309921,2025-04-01,11.041349,-0.7314280000000011,-6.624444168914515
969,2026-01-31,10.485822,2025-04-01,10.430525,0.05529700000000126,0.5301458939027639
97,2026-01-31,8.311507,2025-04-01,8.08314,0.22836700000000043,2.825226335310293
98,2026-01-31,6.941388,2025-04-01,6.862725,0.0786629999999997,1.1462356425472344
99,2026-01-31,11.457418,2025-04-01,11.471343,-0.013924999999998633,-0.12138944847171454
A10,2026-01-31,16.342216,2025-04-01,16.330799,0.011417000000001565,0.06991084759540281
B11,2026-01-31,11.620391,2025-04-01,12.221194,-0.6008030000000009,-4.916074485029866
B12,2026-01-31,11.817246,2025-04-01,12.139141,-0.3218949999999996,-2.651711517314113
B13,2026-01-31,10.953641,2025-04-01,10.99873,-0.04508900000000082,-0.4099473302826856
B14,2026-01-31,12.625448,2025-04-01,12.492826,0.13262199999999957,1.0615852650152942
B15,2026-01-31,11.516718,2025-04-01,11.336642,0.18007599999999968,1.5884421506827129
B16,2026-01-31,9.727375,2025-04-01,9.73432,-0.006944999999999979,-0.07134550744171117
BL1,2026-01-31,10.100584,2025-09-13,9.745719,0.3548650000000002,3.6412398100129937
C1,2026-01-31,7.378123,2025-04-01,7.486198,-0.10807499999999948,-1.4436567133276395
C10,2026-01-31,8.065212,2025-04-01,7.753367,0.3118450000000008,4.0220590615664245
C11,2026-01-31,8.272879,2025-04-01,9.182566,-0.9096869999999999,-9.906675323651362
C3,2026-01-31,7.793616,2025-04-01,8.211971,-0.41835500000000003,-5.09445296384997
D3,2026-01-31,8.115617,2025-04-01,8.346564,-0.23094700000000046,-2.766970935584996
D6,2026-01-31,8.221836,2025-04-01,8.842799,-0.6209629999999997,-7.022244879703811
D7,2026-01-31,9.950001,2025-04-01,10.350889,-0.40088800000000013,-3.872981344887382
D8,2026-01-31,9.904205,2025-04-01,10.041435,-0.13723000000000063,-1.3666373381892192
E1,2026-01-31,12.271913,2025-04-01,11.226488,1.0454249999999998,9.312128601571567
E10,2026-01-31,9.337597,2025-04-01,9.523295,-0.1856979999999986,-1.949934345202985
E11,2026-01-31,8.980189,2025-04-01,9.828817,-0.8486280000000015,-8.634080785103654
E2,2026-01-31,9.545556,2025-04-01,10.476473,-0.9309170000000009,-8.88578627559104
E3,2026-01-31,8.450292,2025-04-01,9.161689,-0.7113970000000016,-7.764911033325859
E5,2026-01-31,7.990249,2025-04-01,8.574763,-0.5845140000000004,-6.816678198569457
E6,2026-01-31,8.743133,2025-04-01,9.026679,-0.2835459999999994,-3.14119954858259
E7,2026-01-31,10.185213,2025-04-01,10.137046,0.048166999999999405,0.4751581476497138
E8,2026-01-31,8.850883,2025-04-01,9.51146,-0.660577,-6.945064164702369
E9,2026-01-31,9.754556,2025-04-01,10.18177,-0.4272140000000011,-4.195871641178313
EL1,2026-01-31,9.204802,2025-04-01,9.800539,-0.5957369999999997,-6.078614655785765
EL2,2026-01-31,11.364273,2025-04-01,11.804196,-0.4399229999999985,-3.726835779412664
EL3,2026-01-31,10.050954,2025-04-01,10.346115,-0.29516099999999845,-2.852867960582291
G1,2026-01-31,7.990721,2025-04-01,8.020425,-0.02970399999999973,-0.3703544388233757
H10,2026-01-31,9.826323,2025-04-01,9.329696,0.49662700000000015,5.323078050989015
H11,2026-01-31,12.086843,2025-04-01,12.348512,-0.2616689999999995,-2.1190326413417218
H12,2026-01-31,11.317734,2025-04-01,11.907286,-0.5895519999999994,-4.951187029521248
H13,2026-01-31,12.25315,2025-04-01,12.156136,0.09701399999999971,0.7980660960028721
H14,2026-01-31,10.646373,2025-04-01,9.886574,0.759799000000001,7.685159692326189
H17,2026-01-31,9.637823,2025-04-01,9.686086,-0.04826300000000039,-0.49827143801944757
H18,2026-01-31,10.800342,2025-04-01,10.70328,0.09706200000000109,0.906843509653126
H19,2026-01-31,11.481843,2025-04-01,11.347536,0.13430699999999973,1.1835785319385612
H2,2026-01-31,10.834924,2025-04-01,11.816795,-0.9818709999999999,-8.309114273371078
H20,2026-01-31,9.38199,2025-04-01,9.65941,-0.27741999999999933,-2.8720180632150343
H22,2026-01-31,8.944714,2025-04-01,8.754417,0.19029699999999927,2.1737255604799186
H25,2026-01-31,10.380461,2025-04-01,10.279676,0.10078500000000012,0.9804297333884854
H26,2026-01-31,10.315156,2025-04-01,11.034846,-0.7196899999999999,-6.521975929704864
H28,2026-01-31,9.018457,2025-04-01,8.848589,0.16986799999999924,1.9197184997517596
H3,2026-01-31,14.304673,2025-04-01,13.132457,1.1722159999999988,8.926098139898716
H32,2026-01-31,8.471692,2025-04-01,7.537413,0.9342789999999992,12.395221012832907
H37,2026-01-31,8.088928,2025-04-01,8.649576,-0.5606480000000005,-6.48179748926422
H9,2026-01-31,10.064448,2025-04-01,9.585448,0.479000000000001,4.997158192293162
H91,2026-01-31,9.910042,2025-04-01,10.003986,-0.0939439999999987,-0.9390656884165842
H98,2026-01-31,9.840903,2025-04-01,9.425072,0.41583100000000073,4.411966295854299
K1,2026-01-31,9.387666,2025-04-01,10.457769,-1.0701030000000014,-10.232612711181527
K2,2026-01-31,9.57961,2025-04-01,10.583412,-1.0038019999999985,-9.484672806841486
K3,2026-01-31,11.352343,2025-04-01,12.008488,-0.6561450000000004,-5.464010123505977
K4,2026-01-31,9.770805,2025-04-01,10.069395,-0.2985900000000008,-2.965322146961171
K5,2026-01-31,8.236877,2025-04-01,8.685515,-0.44863800000000076,-5.1653586459755205
N1,2026-01-31,14.206449,2025-04-01,14.295207,-0.08875800000000034,-0.6208934225296656
N102,2026-01-31,16.134794,2025-04-01,16.385608,-0.25081400000000187,-1.5306969384352527
N105,2026-01-31,13.91381,2025-04-01,13.332214,0.5815959999999993,4.362336218125506
N108,2026-01-31,13.912258,2025-04-01,13.052002,0.8602559999999997,6.590988876648959
N109,2026-01-31,11.394896,2025-04-01,11.551809,-0.1569130000000012,-1.358341364543001
N11,2026-01-31,12.996251,2025-04-01,13.074132,-0.07788099999999964,-0.5956877290209373
N111,2026-01-31,14.946294,2025-04-01,15.122006,-0.17571200000000076,-1.1619622423109788
N113,2026-01-31,15.407591,2025-04-01,15.214346,0.19324499999999922,1.2701498966830334
N119,2026-01-31,17.872053,2025-04-01,18.214489,-0.3424359999999993,-1.8800198018182077
N12,2026-01-31,11.437312,2025-04-01,11.495359,-0.05804700000000018,-0.5049603061548593
N123,2026-01-31,14.452905,2025-04-01,14.545659,-0.09275400000000111,-0.6376747866837873
N128,2026-01-31,15.674585,2025-04-01,15.626607,0.04797800000000052,0.30702762282305124
N13,2026-01-31,14.318261,2025-04-01,14.312083,0.006178000000000239,0.043166323169033044
N133,2026-01-31,12.721671,2025-04-01,12.726992,-0.005320999999998577,-0.041808779325064216
N134,2026-01-31,13.951047,2025-04-01,13.578662,0.3723850000000013,2.742427788540589
N136,2026-01-31,13.550071,2025-04-01,13.319062,0.23100900000000024,1.7344239406648925
N137,2026-01-31,12.600114,2025-04-01,12.842631,-0.2425170000000012,-1.88837474190453
N139,2026-01-31,11.283303,2025-04-01,11.267021,0.016282000000000352,0.14451024809486332
N14,2026-01-31,10.818109,2025-04-01,10.908318,-0.09020899999999976,-0.8269744244713049
N140,2026-01-31,14.605407,2025-04-01,14.294246,0.31116100000000024,2.1768269554056943
N148,2026-01-31,12.460117,2025-04-01,12.316019,0.14409799999999962,1.1700046906390742
N149,2026-01-31,10.41137,2025-04-01,10.57276,-0.1613900000000008,-1.5264699094654641
N15,2026-01-31,12.013229,2025-04-01,12.172553,-0.1593239999999998,-1.30887908230919
N155,2026-01-31,12.410918,2025-04-01,12.103728,0.3071900000000003,2.537978381536666
N158,2026-01-31,14.854482,2025-04-01,14.920472,-0.06598999999999933,-0.442278233557218
N159,2026-01-31,11.867438,2025-04-01,11.90915,-0.041712000000000415,-0.3502516972244065
N171,2026-01-31,12.681392,2025-04-01,12.88902,-0.2076279999999997,-1.6108905099068795
N176,2026-01-31,12.058004,2025-04-01,12.366701,-0.30869700000000044,-2.496195226196545
N18,2026-01-31,11.709818,2025-04-01,11.861924,-0.15210599999999985,-1.282304624443723
N188,2026-01-31,12.866534,2025-04-01,12.753223,0.1133109999999995,0.8884891293753704
N189,2026-01-31,12.742721,2025-04-01,13.04787,-0.3051490000000001,-2.3386882303395122
N19,2026-01-31,11.206059,2025-04-01,11.246713,-0.04065399999999997,-0.3614745037061048
N199,2026-01-31,14.198564,2025-04-01,14.283391,-0.08482700000000065,-0.5938855836124675
N2,2026-01-31,12.052029,2025-04-01,12.155804,-0.10377500000000062,-0.8537074141702237
N20,2026-01-31,14.28124,2025-04-01,14.61026,-0.32901999999999987,-2.2519790886678255
N205,2026-01-31,9.881098,2025-04-01,10.484592,-0.6034939999999995,-5.756008435998269
N207,2026-01-31,11.959447,2025-04-01,11.872445,0.08700200000000002,0.7328060900682211
N21,2026-01-31,15.080101,2025-04-01,15.470531,-0.3904299999999985,-2.5237013519445357
N213,2026-01-31,17.037785,2025-04-01,16.799347,0.2384379999999986,1.4193289774894142
N214,2026-01-31,11.534682,2025-04-01,11.794874,-0.260192,-2.205975239752455
N22,2026-01-31,13.774727,2025-04-01,14.057401,-0.2826740000000001,-2.010855349434793
N220,2026-01-31,12.913043,2025-04-01,13.942453,-1.0294100000000004,-7.3832775337309755
N222,2026-01-31,16.94551,2025-04-01,16.472909,0.4726009999999974,2.868958967720864
N23,2026-01-31,10.58079,2025-04-01,10.734214,-0.15342399999999934,-1.4292988755394604
N238,2026-01-31,11.499609,2025-04-01,11.389281,0.1103279999999991,0.968700306893816
N24,2026-01-31,10.586276,2025-04-01,10.778731,-0.1924550000000007,-1.785507032321344
N242,2026-01-31,10.51059,2025-04-01,10.438371,0.07221900000000048,0.6918608277096155
N243,2026-01-31,11.153878,2025-04-01,11.311197,-0.15731899999999932,-1.3908253918661244
N25,2026-01-31,10.832691,2025-04-01,11.175678,-0.34298699999999904,-3.069048696642826
N250,2026-01-31,12.172734,2025-04-01,12.255545,-0.08281099999999952,-0.6757023045486719
N253,2026-01-31,11.131573,2025-04-01,11.248967,-0.11739400000000089,-1.0435980477140778
N26,2026-01-31,11.10163,2025-04-01,11.234266,-0.13263599999999975,-1.1806378805700324
N263,2026-01-31,14.051646,2025-04-01,13.709064,0.34258200000000016,2.4989452233938083
N264,2026-01-31,15.045726,2025-04-01,15.090433,-0.04470700000000072,-0.2962605513042649
N266,2026-01-31,13.267126,2025-04-01,13.027922,0.23920399999999908,1.836087136536426
N27,2026-01-31,11.832288,2025-04-01,12.012109,-0.17982100000000045,-1.4969977378660186
N277,2026-01-31,12.117493,2025-04-01,11.671063,0.44642999999999944,3.82510144962802
N279,2026-01-31,12.158555,2025-04-01,11.909933,0.24862199999999923,2.0875180406136558
N28,2026-01-31,12.51551,2025-04-01,12.435147,0.08036300000000018,0.6462569360860807
N281,2026-01-31,14.227509,2025-04-01,14.354029,-0.12652000000000108,-0.8814249992110303
N285,2026-01-31,16.035271,2025-04-01,16.32252,-0.2872489999999992,-1.7598324278358928
N29,2026-01-31,12.663983,2025-04-01,12.962833,-0.29884999999999984,-2.305437399370954
N295,2026-01-31,11.809995,2025-04-01,12.043367,-0.23337199999999925,-1.937763749954637
N297,2026-01-31,14.984322,2025-04-01,14.865883,0.1184390000000004,0.7967168852331233
N3,2026-01-31,13.9855,2025-04-01,13.939356,0.04614399999999996,0.33103394446630074
N31,2026-01-31,12.356049,2025-04-01,13.03091,-0.6748609999999999,-5.178924572420498
N32,2026-01-31,13.558964,2025-04-01,13.538965,0.019999000000000322,0.14771439323464033
N321,2026-01-31,17.902975,2025-04-01,18.007898,-0.10492299999999943,-0.5826499017264504
N33,2026-01-31,16.336025,2025-04-01,16.25686,0.07916499999999971,0.4869636571884097
N341,2026-01-31,11.774715,2025-04-01,11.851825,-0.07710999999999935,-0.6506170990543595
N343,2026-01-31,11.581709,2025-04-01,11.727522,-0.14581300000000041,-1.2433402384578807
N344,2026-01-31,11.112762,2025-04-01,11.414278,-0.30151599999999945,-2.6415687439888837
N345,2026-01-31,12.096573,2025-04-01,12.205566,-0.1089929999999999,-0.8929778430594689
N35,2026-01-31,10.607047,2025-04-01,10.538877,0.06817000000000029,0.6468431124113156
N36,2026-01-31,12.306891,2025-04-01,12.302631,0.004260000000000375,0.03462673959741111
N365,2026-01-31,15.330126,2025-04-01,15.093738,0.23638799999999982,1.5661329221429432
N37,2026-01-31,14.334616,2025-04-01,14.178493,0.1561230000000009,1.101125486326374
N38,2026-01-31,10.736345,2025-04-01,10.623023,0.11332200000000014,1.0667584923801836
N381,2026-01-31,11.84348,2025-04-01,12.386477,-0.5429969999999997,-4.383788869102973
N390,2026-01-31,11.028239,2025-04-01,10.941648,0.08659099999999853,0.7913890119660084
N41,2026-01-31,11.292459,2025-04-01,11.311027,-0.01856800000000014,-0.16415839162969148
N43,2026-01-31,12.824296,2025-04-01,12.555676,0.2686200000000003,2.139430804044325
N44,2026-01-31,12.668486,2025-04-01,12.91697,-0.24848399999999948,-1.9237019208065012
N453,2026-01-31,10.201358,2025-04-01,10.538896,-0.33753799999999856,-3.202783289634878
N47,2026-01-31,11.344528,2025-04-01,11.278633,0.06589500000000115,0.5842463355266649
N472,2026-01-31,15.484081,2025-04-01,16.027273,-0.5431920000000012,-3.389172942895533
N474,2026-01-31,14.208922,2025-04-01,14.676855,-0.4679330000000004,-3.1882375345399296
N486,2026-01-31,17.508523,2025-04-01,17.717681,-0.20915799999999862,-1.1805043786486427
N5,2026-01-31,12.070231,2025-04-01,12.58124,-0.5110089999999996,-4.061674365960745
N52,2026-01-31,12.571169,2025-04-01,12.410014,0.16115499999999905,1.2985883819309072
N53,2026-01-31,13.638304,2025-04-01,14.006759,-0.36845500000000087,-2.63055143591748
N55,2026-01-31,12.56833,2025-04-01,12.808805,-0.240475,-1.877419478241725
N550,2026-01-31,11.744846,2025-04-01,12.013403,-0.2685569999999995,-2.235478157188263
N551,2026-01-31,11.506042,2025-04-01,11.973764,-0.4677219999999984,-3.906223640285531
N57,2026-01-31,15.22716,2025-04-01,15.157982,0.06917799999999907,0.4563800115345108
N6,2026-01-31,12.725165,2025-04-01,12.627875,0.09729000000000099,0.7704384150144106
N63,2026-01-31,11.933761,2025-04-01,12.135788,-0.2020269999999993,-1.6647209064627637
N64,2026-01-31,16.040897,2025-04-01,16.288734,-0.24783700000000053,-1.521524017765902
N65,2026-01-31,15.725034,2025-04-01,15.747092,-0.022057999999999467,-0.14007665669318162
N68,2026-01-31,13.291254,2025-04-01,13.290031,0.00122299999999953,0.009202386360118574
N69,2026-01-31,12.818911,2025-04-01,12.669473,0.14943799999999996,1.1795123601431563
N7,2026-01-31,14.206714,2025-04-01,14.266184,-0.05947000000000102,-0.41685989750308156
N72,2026-01-31,15.100039,2025-04-01,15.489659,-0.38961999999999897,-2.5153555672206793
N73,2026-01-31,11.003668,2025-04-01,11.612875,-0.6092070000000014,-5.245961917268561
N74,2026-01-31,14.119756,2025-04-01,14.279969,-0.16021299999999883,-1.1219422114991904
N76,2026-01-31,11.744475,2025-04-01,11.686214,0.058260999999999896,0.4985446954847815
N8,2026-01-31,12.097795,2025-04-01,12.233941,-0.1361460000000001,-1.1128548028799559
N83,2026-01-31,13.800641,2025-04-01,14.295559,-0.4949180000000002,-3.4620402042340572
N85,2026-01-31,15.126398,2025-04-01,16.486512,-1.3601140000000012,-8.249859036283727
N86,2026-01-31,14.809271,2025-04-01,15.119429,-0.3101579999999995,-2.0513869935167492
N87,2026-01-31,14.130004,2025-04-01,14.3352,-0.20519600000000082,-1.4314135833472907
N88,2026-01-31,10.81083,2025-04-01,10.946347,-0.1355170000000001,-1.2380111830914926
N89,2026-01-31,14.899942,2025-04-01,15.069652,-0.16971000000000025,-1.126170664060459
N9,2026-01-31,13.387518,2025-04-01,13.37643,0.011088000000000875,0.08289207209996147
N91,2026-01-31,12.990565,2025-04-01,13.060542,-0.06997699999999973,-0.5357894029206425
N93,2026-01-31,16.436449,2025-04-01,16.667554,-0.23110499999999945,-1.386556179748987
N94,2026-01-31,12.381477,2025-04-01,12.290316,0.0911609999999996,0.7417303184067814
N97,2026-01-31,12.060057,2025-04-01,11.8659,0.19415700000000058,1.6362602078224204
N98,2026-01-31,13.015419,2025-04-01,12.930581,0.08483799999999952,0.656103542447161
NEL1,2026-01-31,12.985046,2025-04-01,13.328998,-0.3439519999999998,-2.5804790427607522
P12,2026-01-31,8.483347,2025-04-01,8.682923,-0.19957600000000042,-2.298488654108765
P13,2026-01-31,7.870322,2025-04-01,8.160627,-0.29030500000000004,-3.55738597046526
P4,2026-01-31,9.224778,2025-04-01,8.959589,0.26518900000000123,2.959834429905225
P5,2026-01-31,7.511289,2025-04-01,7.610373,-0.0990840000000004,-1.3019598382365805
R1,2026-01-31,12.564863,2025-04-01,12.805929,-0.241066,-1.8824561654215013
R10,2026-01-31,16.123843,2025-04-01,15.726065,0.39777800000000063,2.5294185163294225
R11,2026-01-31,11.5377,2025-04-01,11.596411,-0.058711000000000624,-0.5062859534730239
R2,2026-01-31,14.043564,2025-04-01,15.340063,-1.2964990000000007,-8.451718874948561
R3,2026-01-31,13.195871,2025-04-01,13.302923,-0.10705199999999948,-0.8047253975686357
R4,2026-01-31,13.921799,2025-04-01,12.957652,0.9641470000000005,7.440753926714505
R5,2026-01-31,16.033103,2025-04-01,21.018594,-4.985491,-23.719431471010857
R68,2026-01-31,9.210526,2025-04-01,9.410926,-0.20040000000000013,-2.129439759700588
R7,2026-01-31,13.126432,2025-04-01,13.547299,-0.4208670000000012,-3.1066487865957724
R70,2026-01-31,9.401779,2025-04-01,9.34137,0.060408999999999935,0.6466824459367302
R8,2026-01-31,14.469861,2025-04-01,14.441269,0.02859199999999973,0.19798814079288826
R9,2026-01-31,11.641986,2025-04-01,11.911113,-0.269127000000001,-2.2594613954212424
S1,2026-01-31,10.773947,2025-04-01,11.240948,-0.4670009999999998,-4.154462773068604
S2,2026-01-31,10.758805,2025-04-01,11.011752,-0.2529469999999989,-2.297064082082478
S3,2026-01-31,10.455771,2025-04-01,10.641426,-0.1856549999999988,-1.7446439979002704
S4,2026-01-31,11.680741,2025-04-01,11.258924,0.421816999999999,3.7465125441827207
SCS,2026-01-31,17.282279,2025-04-01,17.113213,0.16906600000000083,0.9879266973419945
SL1,2026-01-31,12.835217,2025-04-01,13.278939,-0.4437219999999993,-3.34154709197775
SL10,2026-01-31,11.75111,2025-04-01,11.833383,-0.08227299999999893,-0.6952618705910131
SL11,2026-01-31,13.217231,2026-01-03,13.140105,0.0771259999999998,0.586951169720484
SL2,2026-01-31,11.41407,2025-04-01,11.533453,-0.11938299999999913,-1.0351019768320824
SL3,2026-01-31,14.891536,2025-04-01,14.376662,0.5148740000000007,3.5813181112555945
SL4,2026-01-31,11.24259,2025-04-01,12.300416,-1.0578260000000004,-8.599920523013209
SL5,2026-01-31,12.632144,2025-04-01,13.421062,-0.7889179999999989,-5.8782084457995865
SL6,2026-01-31,8.734054,2025-04-01,8.320991,0.41306300000000107,4.964108241434237
SL7,2026-01-31,12.306006,2025-04-01,13.972263,-1.6662569999999999,-11.925462611174725
SL8,2026-01-31,9.569808,2025-04-01,10.308872,-0.739063999999999,-7.16920338132047
SL9,2026-01-31,11.41933,2025-04-01,11.915991,-0.4966609999999996,-4.168020939257168
T6,2026-01-31,14.473691,2026-01-31,14.473691,0.0,0.0
T7,2026-01-31,12.582254,2026-01-31,12.582254,0.0,0.0
U1,2026-01-31,11.212901,2025-04-01,10.953642,0.25925900000000013,2.3668748713898093
U10,2026-01-31,11.489347,2025-04-01,11.424965,0.06438200000000016,0.5635203258828378
U2,2026-01-31,11.711476,2025-04-01,12.077133,-0.36565700000000056,-3.0276804933753776
U3,2026-01-31,11.866011,2025-04-01,11.5319,0.33411100000000005,2.8972762510947896
U4,2026-01-31,9.935628,2025-04-01,10.148153,-0.21252500000000119,-2.094223451301938
U5,2026-01-31,11.651486,2025-04-01,11.435508,0.21597799999999978,1.8886611770985582
U7,2026-01-31,11.487843,2025-04-01,11.790181,-0.30233800000000066,-2.564320259375158
U9,2026-01-31,16.65625,2025-04-01,16.888462,-0.23221200000000053,-1.374974227967002
UL2,2026-01-31,8.750634,2026-01-31,8.750634,0.0,0.0
UL3,2026-01-31,10.85726,2025-04-01,11.345164,-0.48790400000000034,-4.3005460300089124
UL36,2026-01-31,11.555027,2026-01-31,11.555027,0.0,0.0
UL41,2026-01-31,8.936896,2026-01-31,8.936896,0.0,0.0
UL63,2026-01-03,10.914768,2026-01-03,10.914768,0.0,0.0
UL67,2026-01-03,11.483652,2026-01-03,11.483652,0.0,0.0
UL69,2025-11-08,12.587362,2025-09-13,13.064049,-0.4766870000000001,-3.6488457751498027
UL7,2026-01-03,11.772088,2025-10-11,10.221258,1.5508299999999995,15.172594214919528
UL71,2026-01-03,14.959757,2026-01-03,14.959757,0.0,0.0
UL74,2026-01-31,11.307653,2026-01-31,11.307653,0.0,0.0
UL78,2025-06-21,14.748745,2025-06-21,14.748745,0.0,0.0
UL89,2026-01-31,7.569606,2026-01-31,7.569606,0.0,0.0
W11,2026-01-31,8.715715,2025-04-01,9.181562,-0.4658470000000001,-5.073722750007026
W12,2026-01-31,8.479349,2025-04-01,8.615068,-0.1357190000000017,-1.5753677161921613
W13,2026-01-31,8.915729,2025-04-01,9.53081,-0.615081,-6.453606776339052
W14,2026-01-31,12.881236,2025-04-01,13.447538,-0.5663020000000003,-4.21119464395639
W15,2026-01-31,7.963597,2025-04-01,7.857588,0.10600900000000024,1.3491290202540558
W16,2026-01-31,9.263408,2025-04-01,8.972624,0.2907840000000004,3.240791099682773
W19,2026-01-31,7.97275,2025-04-01,7.908476,0.06427399999999928,0.8127229569894284
W3,2026-01-31,9.048946,2025-04-01,9.191827,-0.14288099999999915,-1.5544352608028758
W4,2026-01-31,7.96815,2025-04-01,7.976699,-0.008549000000000362,-0.10717465959290129
W5,2026-01-31,9.006477,2025-04-01,8.583369,0.42310800000000093,4.929393108929617
W6,2026-01-31,9.958366,2025-04-01,10.892603,-0.9342369999999995,-8.576802073847725
W7,2026-01-31,9.212925,2025-04-01,9.514598,-0.3016729999999992,-3.170633168106516
W8,2026-01-31,9.871577,2025-04-01,9.812604,0.05897299999999994,0.600992356361267
W9,2026-01-31,11.740086,2025-04-01,12.400498,-0.6604120000000009,-5.3256893392507365
